# 05表的约束

约束的目的在于更好的保证数据的合法性与正确性。

主要介绍下面几种：

- null/not null
- default
- comment
- zerofill
- primary key
- auto_increment
- unique key

# 1.空属性

说明：

- 两个值：null（默认）和not null
- 数据库默认字段基本都是null,但实际开发时数据为空无法参与计算；

栗子：

1. 创建一个班级表，包含班级名和所在教室，如果班级名为空，就无法得知班级；如果教室为空，则无法得知在哪上课；

   ```mysql
   mysql> use test;
   Database changed
   mysql> create table class(
       -> classname varchar(20) not null,
       -> classroom varchar(20) not null);
   Query OK, 0 rows affected (0.21 sec)
   ```

2. 显示表结构；

   ```mysql
   mysql> desc class
       -> ;
   +-----------+-------------+------+-----+---------+-------+
   | Field     | Type        | Null | Key | Default | Extra |
   +-----------+-------------+------+-----+---------+-------+
   | classname | varchar(20) | NO   |     | NULL    |       |
   | classroom | varchar(20) | NO   |     | NULL    |       |
   +-----------+-------------+------+-----+---------+-------+
   2 rows in set (0.07 sec)
   ```

3. 插入数据；

   插入数据时，没有给教室数据插入失败；

   ```mysql
   mysql> insert into class values('class1');
   ERROR 1136 (21S01): Column count doesn't match value count at row 1
   ```

# 2.default属性

说明：

- 默认值：某一种数据会经常性出现的某个具体的值，可以在创建表时定义好，在需要真实数据时，用户可以有选择的使用默认值；

栗子：

1. 创建一个表tt10;指定其中一个字段有默认值

   ```mysql
   mysql> create table tt10(
       -> name varchar(20),
       -> age tinyint unsigned default 0);
   Query OK, 0 rows affected (0.13 sec)
   ```

2. 显示表结构；

   ```mysql
   mysql> desc tt10;
   +-------+---------------------+------+-----+---------+-------+
   | Field | Type                | Null | Key | Default | Extra |
   +-------+---------------------+------+-----+---------+-------+
   | name  | varchar(20)         | YES  |     | NULL    |       |
   | age   | tinyint(3) unsigned | YES  |     | 0       |       |
   +-------+---------------------+------+-----+---------+-------+
   2 rows in set (0.01 sec)
   ```

3. 插入数据；

   ```mysql
   mysql> insert into tt10(name) values('张三');
   Query OK, 1 row affected (0.02 sec)
   ```

4. 显示表中数据；默认年龄为0；

   ```mysql
   mysql> select * from tt10;
   +------+------+
   | name | age  |
   +------+------+
   | 张三 |    0 |
   +------+------+
   1 row in set (0.00 sec)
   ```

# 3.列描述

说明：

- 列描述：comment,没有实际意义，主要用来描述字段，会根据表创建语句保存；

栗子：

1. 创建一个表tt11;

   ```mysql
   mysql> create table tt11(
       -> name varchar(20) not null comment '名字',
       -> age tinyint unsigned default 0 comment '年龄');
   Query OK, 0 rows affected (0.09 sec)
   ```

2. 显示表结构;

   - desc显示；

     ```mysql
     mysql> desc tt11;
     +-------+---------------------+------+-----+---------+-------+
     | Field | Type                | Null | Key | Default | Extra |
     +-------+---------------------+------+-----+---------+-------+
     | name  | varchar(20)         | NO   |     | NULL    |       |
     | age   | tinyint(3) unsigned | YES  |     | 0       |       |
     +-------+---------------------+------+-----+---------+-------+
     2 rows in set (0.01 sec)
     ```

   - show 显示；

     ```mysql
     mysql> show create table tt11\G;
     *************************** 1. row ***************************
            Table: tt11
     Create Table: CREATE TABLE `tt11` (
       `name` varchar(20) NOT NULL COMMENT '名字',
       `age` tinyint(3) unsigned DEFAULT '0' COMMENT '年龄'
     ) ENGINE=InnoDB DEFAULT CHARSET=utf8mb4 COLLATE=utf8mb4_0900_ai_ci
     1 row in set (0.01 sec)
     
     ERROR:
     No query specified
     ```

# 4.zerofill

说明：

- 格式化输出：zerofill

栗子：

1. 创建一个表tt12;

   ```mysql
   mysql> create table tt12(
       -> id int(10));
   Query OK, 0 rows affected (0.10 sec)
   ```

2. show查看表创建语句；

   ```mysql
   mysql> show create table tt12\G;
   *************************** 1. row ***************************
          Table: tt12
   Create Table: CREATE TABLE `tt12` (
     `id` int(10) DEFAULT NULL
   ) ENGINE=InnoDB DEFAULT CHARSET=utf8mb4 COLLATE=utf8mb4_0900_ai_ci
   1 row in set (0.00 sec)
   
   ERROR:
   No query specified
   ```

3. 插入数据；

   ```mysql
   mysql> insert into tt12 values(1);
   Query OK, 1 row affected (0.01 sec)
   ```

4. 显示表中数据；

   ```mysql
   mysql> select * from tt12;
   +------+
   | id   |
   +------+
   |    1 |
   +------+
   1 row in set (0.00 sec)
   ```

5. 对列添加zerofill属性；宽度设置为5

   ```mysql
   mysql> alter table tt12 change id id int(5) zerofill;
   Query OK, 1 row affected (0.26 sec)
   Records: 1  Duplicates: 0  Warnings: 0
   ```

6. 显示表中数据；

   ```mysql
   mysql> select * from tt12;
   +-------+
   | id    |
   +-------+
   | 00001 |
   +-------+
   1 row in set (0.00 sec)
   ```

7. MySQL内部存储显示；

   ```mysql
   mysql> select id,hex(id) from tt12;
   +-------+---------+
   | id    | hex(id) |
   +-------+---------+
   | 00001 | 1       |
   +-------+---------+
   1 row in set (0.01 sec)
   ```

8. 发现；

   可以看出数据库内部存储的还是1，00001只是设置了zerofill属性后的一种格式化输出；

